X,index,Artist,Followers,Genres,NumAlbums,YearFirstAlbum,Gender,Group_Solo,Features,Week,Total_streams
0,0,ed sheeran,52698756,"pop,uk pop",8,2011,M,Solo,,20/07/2018,936155298
1,1,justin bieber,30711450,"canadian pop,dance pop,pop,post-teen pop",10,2009,M,Solo,,14/12/2018,45434488
2,2,jonas brothers,3069527,"boy band,dance pop,pop,post-teen pop",10,2006,M,Group,,12/04/2019,182558398
3,3,drake,41420478,"canadian hip hop,canadian pop,hip hop,pop rap,rap,toronto rap",11,2010,M,Solo,,20/07/2018,3441947366
4,4,chris brown,9676862,"dance pop,pop,pop rap,r&b,rap",6,2005,M,Solo,,10/11/2017,138334163
5,5,taylor swift,23709128,"dance pop,pop,post-teen pop",10,2006,F,Solo,,20/07/2018,391154997
6,6,blake shelton,4511508,"contemporary country,country,country road",12,2001,M,Solo,,14/06/2019,18500011
7,7,nicki minaj,16331335,"dance pop,hip pop,pop,pop rap,post-teen pop,rap",10,2010,F,Solo,Ariana Grande,20/07/2018,154055933
8,8,panic! at the disco,8129075,"baroque pop,emo,modern rock,pop punk",8,2005,M,Group,,20/07/2018,242472513
9,9,lee brice,1094596,"contemporary country,country,country road,modern country rock",4,2010,M,Solo,,14/06/2019,12449485
10,10,katy perry,14004245,"dance pop,pop,post-teen pop",7,2008,F,Solo,,10/03/2017,90506112
11,11,young thug,4471452,"atl hip hop,atl trap,gangster rap,melodic rap,pop,pop rap,rap,trap music",17,2011,M,Solo,Future,10/11/2017,313114955
12,12,j. cole,9417086,"conscious hip hop,hip hop,nc hip hop,pop rap,rap",9,2009,M,Solo,,20/07/2018,891696331
13,13,daddy yankee,14076638,"latin,latin hip hop,pop,reggaeton,tropical",9,2002,M,Solo,,12/04/2019,72928656
14,14,migos,9473441,"atl hip hop,pop,pop rap,rap,southern hip hop,trap music",13,2011,M,Group,,20/07/2018,1383674102
15,15,meek mill,3591329,"hip hop,philly rap,pop,pop rap,rap,southern hip hop,trap music",32,2011,M,Solo,Swizz Beatz,20/07/2018,314311542
16,16,lady gaga,9370435,"dance pop,pop",9,2008,F,Solo,,10/03/2017,208830241
17,18,yg,1916093,"cali rap,hip hop,pop,pop rap,rap,southern hip hop,trap music",11,2011,M,Solo,,20/07/2018,194355766
18,19,dj khaled,4249473,"hip hop,miami hip hop,pop,pop rap,rap,southern hip hop,trap music",10,2007,M,Solo,"Justin Bieber, Quavo, Chance the Rapper, Lil Wayne",10/11/2017,534008748
19,20,luke bryan,4556839,"contemporary country,country,country road",10,2007,M,Solo,,07/06/2019,4665657
20,21,p!nk,7214210,"dance pop,pop,post-teen pop",8,2000,F,Solo,,10/11/2017,53411156
21,22,bruno mars,22677758,"dance pop,pop,post-teen pop",3,2010,M,Solo,,10/11/2017,423831249
22,24,jason aldean,3363492,"contemporary country,country,country road",8,2005,M,Solo,,20/07/2018,67057920
23,25,gucci mane,2904919,"atl hip hop,dirty south rap,hip hop,pop,pop rap,rap,southern hip hop,trap music",132,2005,M,Solo,Migos,20/07/2018,516962115
24,27,chris young,1605863,"contemporary country,country,country road,modern country rock",8,2006,M,Solo,,10/11/2017,9354337
25,28,eli young band,523571,"contemporary country,country,country road,heartland rock,modern country rock,outlaw country,red dirt,texas country",7,2005,M,Group,,07/06/2019,4818822
26,31,nicky jam,10051233,"latin,latin hip hop,pop,reggaeton,tropical",8,2001,M,Solo,,20/07/2018,79172033
27,32,nipsey hussle,1114710,"conscious hip hop,gangster rap,hip hop,pop rap,rap,southern hip hop,trap music",19,2009,M,Solo,Roddy Ricch and Hit-Boy,12/04/2019,54590859
28,33,yo gotti,2583062,"dirty south rap,gangster rap,hip hop,memphis hip hop,pop,pop rap,rap,southern hip hop,trap music",28,2006,M,Solo,,10/11/2017,119972866
29,35,miley cyrus,10054490,"dance pop,pop,post-teen pop",9,2007,F,Solo,,25/08/2017,91090164
30,36,maroon 5,20445189,pop,11,2002,M,Group,Cardi B,20/07/2018,454386939
31,38,2 chainz,4943181,"atl hip hop,gangster rap,hip hop,pop,pop rap,rap,southern hip hop,trap music",17,2010,M,Solo,"Drake, Quavo",20/07/2018,275432430
32,39,ellie goulding,7039401,"dance pop,edm,electropop,metropopolis,pop,post-teen pop,tropical house,uk pop",5,2010,F,Solo,,07/06/2019,16381751
33,40,diplo,2096548,"bmore,edm,moombahton,ninja,pop",8,2004,M,Solo,Trippie Redd,18/05/2018,13762718
34,41,schoolboy q,2774150,"hip hop,pop,pop rap,rap,southern hip hop,trap music,underground hip hop",7,2011,M,Solo,,12/04/2019,63720806
35,42,french montana,3080724,"hip hop,pop,pop rap,rap,southern hip hop,trap music",16,2007,M,Solo,,20/07/2018,384185423
36,45,aventura,3155939,"bachata,latin,latin hip hop,latin pop,tropical",9,1999,M,Group,,12/04/2019,1519370
37,48,mark ronson,691165,"dance pop,pop",5,2003,M,Solo,Miley Cyrus,14/12/2018,43747379
38,49,john mayer,4128148,"neo mellow,pop,pop rock,singer-songwriter",15,1999,M,Solo,,20/07/2018,33350716
39,50,gesaffelstein,283857,destroy techno,3,2011,M,Solo,,18/01/2019,24085184
40,51,lil wayne,8360644,"hip hop,new orleans rap,pop,pop rap,rap,trap music",25,1999,M,Solo,,14/12/2018,331548634
41,52,dierks bentley,1962590,"contemporary country,country,country road,modern country rock",11,2003,M,Solo,,15/06/2018,1386169
42,54,eminem,30220119,"detroit hip hop,g funk,hip hop,rap",12,1999,M,Solo,,25/08/2017,523044977
43,55,mariah carey,4851294,"dance pop,pop,r&b,urban contemporary",16,1990,F,Solo,,14/12/2018,89668591
44,56,bobby helms,10470,,21,1957,M,Solo,,14/12/2018,40855048
45,57,brenda lee,135670,"adult standards,brill building pop,easy listening,lounge,nashville sound,rockabilly,vocal jazz",30,1959,F,Solo,,14/12/2018,56489822
46,58,burl ives,30827,"adult standards,american folk revival",55,1949,M,Solo,,14/12/2018,50748280
47,59,nat king cole,1126685,"adult standards,vocal jazz",67,1954,M,Solo,,14/12/2018,41361855
48,60,andy williams,225919,"adult standards,brill building pop,easy listening,lounge,mellow gold,operatic pop,vocal jazz",48,1961,M,Solo,,14/12/2018,48612648
49,61,wham!,944180,"dance pop,dance rock,disco,europop,motown,new romantic,new wave,new wave pop,soft rock",3,1983,M,Group,,14/12/2018,43875505
50,62,the ronettes,118326,"brill building pop,classic girl group,motown,rock-and-roll",4,1962,F,Group,,14/12/2018,11881137
51,63,gene autry,23974,"adult standards,cowboy western,nashville sound,traditional country,yodeling",23,1929,M,Solo,,14/12/2018,12866260
52,66,bing crosby,250331,"adult standards,easy listening,lounge,vocal jazz",66,1932,M,Solo,,14/12/2018,78746825
53,67,elvis presley,3487016,"rock-and-roll,rockabilly",75,1956,M,Solo,,14/12/2018,27809231
54,68,darlene love,26421,brill building pop,7,1963,F,Solo,,28/12/2018,1898614
55,69,kelly clarkson,5629156,"dance pop,neo mellow,pop,pop rock,post-teen pop,talent show",8,2003,F,Solo,,14/12/2018,14800545
56,70,chuck berry,971678,"blues rock,classic rock,rock,rock-and-roll,rockabilly,soul",29,1957,M,Solo,,14/12/2018,23937007
57,71,frank sinatra,3285549,"adult standards,easy listening,lounge",58,1946,M,Solo,,14/12/2018,16743509
58,72,paul mccartney,2497755,"album rock,art rock,classic rock,folk rock,mellow gold,rock,soft rock",43,1967,M,Solo,,14/12/2018,27009230
59,73,kanye west,10455779,"chicago rap,hip hop,pop rap,rap",13,2004,M,Solo,,20/07/2018,353491199
60,74,queen,20501475,"glam rock,rock",28,1973,M,Group,,12/04/2019,181464476
61,76,calvin harris,18493843,"dance pop,edm,electro house,house,pop,progressive house,uk dance",5,2007,M,Solo,,10/11/2017,332630518
62,77,michael jackson,12232437,"pop,r&b,soul",16,1972,M,Solo,,03/11/2017,4914351
63,78,steve aoki,3263313,"big room,dance pop,edm,electro house,pop,tropical house",11,2007,M,Solo,,10/03/2017,42532120
64,80,twenty one pilots,14842963,"indie pop,pop punk,rock",5,2009,M,Group,,20/07/2018,179284388
65,81,avril lavigne,5051153,"canadian pop,candy pop,dance pop,pop,post-teen pop",3,2002,F,Solo,,19/10/2018,3261135
66,82,mac miller,3567365,"hip hop,pittsburgh rap,pop rap,rap",8,2011,M,Solo,,20/07/2018,91308697
67,83,wiz khalifa,8515882,"hip hop,pittsburgh rap,pop,pop rap,rap,southern hip hop,trap music",23,2006,M,Solo,Swae Lee,20/07/2018,77407266
68,84,childish gambino,5537876,"atl hip hop,hip hop,pop,pop rap,rap",6,2011,M,Solo,,20/07/2018,382714275
69,85,kenny chesney,2669350,"contemporary country,country,country road",20,1994,M,Solo,,27/07/2018,3169899
70,91,keith urban,3353002,"australian country,contemporary country,country,country road",13,1997,M,Solo,,13/01/2017,12001938
71,92,demi lovato,15274062,"dance pop,pop,post-teen pop",9,2008,F,Solo,,10/11/2017,235375097
72,95,reik,3279005,"latin,latin arena pop,latin pop,mexican pop,pop,reggaeton",8,2005,M,Group,"Ozuna, Wisin",06/04/2018,2721341
73,96,juicy j,1917581,"crunk,dirty south rap,gangster rap,hip hop,memphis hip hop,pop rap,rap,southern hip hop,trap music",10,2002,M,Solo,Travis Scott,05/10/2018,1610475
74,97,kendrick lamar,13325462,"conscious hip hop,hip hop,pop rap,rap,west coast rap",7,2010,M,Solo,,20/07/2018,1539486791
75,100,sugarland,1037915,"contemporary country,country,country dawn,country road,modern country rock,pop rock",7,2004,,Group,Taylor Swift,27/04/2018,1890374
76,101,gorillaz,4812524,"alternative hip hop,art pop,rock",9,2001,M,Group,Popcaan,05/05/2017,17321731
77,102,pusha t,1447211,"gangster rap,hip hop,pop rap,rap,southern hip hop,trap music,underground hip hop",7,2011,M,Solo,,01/06/2018,24545663
78,103,jay rock,687325,"conscious hip hop,gangster rap,hip hop,pop rap,rap,southern hip hop,trap music,underground hip hop",4,2010,M,Solo,Kendrick Lamar,22/06/2018,4908762
79,104,james blake,903418,"indie r&b,indietronica,pop,uk alternative pop",4,2011,M,Solo,,25/01/2019,2454543
80,107,kevin gates,2668994,"baton rouge rap,hip hop,pop rap,rap,southern hip hop,trap music",13,2009,M,Solo,,25/05/2018,7244872
81,108,pharrell williams,2900721,"pop,pop rap",4,2006,M,Solo,,25/05/2018,6729166
82,110,justin timberlake,8365398,"dance pop,pop,pop rap",6,2002,M,Solo,,10/03/2017,120235430
83,111,portugal. the man,996901,"indie pop,indie rock,modern rock",9,2006,,Group,,10/11/2017,130882714
84,113,rihanna,34436700,"barbadian pop,dance pop,pop,post-teen pop,r&b,urban contemporary",16,2005,F,Solo,,25/08/2017,122309595
85,114,luis fonsi,7253765,"dance pop,latin,latin pop,pop,puerto rican pop,reggaeton,tropical",17,1998,M,Solo,,10/11/2017,396318048
86,115,miguel,2472516,"dance pop,pop,pop rap,r&b,rap,urban contemporary",4,2010,M,Solo,Travis Scott,10/11/2017,119104985
87,119,enrique iglesias,8796153,"dance pop,latin,latin pop,mexican pop,pop,tropical",14,1995,M,Solo,,19/01/2018,3976647
88,120,big sean,6653562,"detroit hip hop,hip hop,pop,pop rap,rap,southern hip hop,trap music",7,2011,M,Solo,,10/11/2017,441950182
89,121,shakira,17399459,"colombian pop,dance pop,latin,latin pop,mexican pop,pop",11,1995,F,Solo,Maluma,10/03/2017,34490778
90,124,coldplay,22458057,"permanent wave,pop",10,2000,M,Group,,28/12/2018,4295159
91,125,wisin,4955084,"dance pop,latin,latin hip hop,latin pop,pop,reggaeton,reggaeton flow,tropical",4,2004,M,Solo,,25/08/2017,24508014
92,126,billy currington,1508682,"contemporary country,country,country road,modern country rock",6,2003,M,Solo,,25/08/2017,14478453
93,128,david guetta,20121007,"dance pop,edm,pop",15,2002,M,Solo,Justin Bieber,25/08/2017,120856066
94,129,major lazer,5726943,"dance pop,edm,electro house,moombahton,pop",10,2009,M,Solo,"Travis Scott, Camila Cabello, Quavo",25/08/2017,99124653
95,130,jason derulo,7121242,"dance pop,pop,pop rap,post-teen pop,urban contemporary",9,2010,M,Solo,"Nicki Minaj, Ty Dolla $ign",25/08/2017,113047000
96,131,linkin park,13781152,"alternative metal,nu metal,post-grunge,rap metal",16,2000,M,Group,Kiiara,24/02/2017,30591270
97,134,trey songz,4510865,"dance pop,pop,pop rap,r&b,southern hip hop,trap music,urban contemporary",14,2005,M,Solo,,18/08/2017,9142679
98,135,josh turner,1481309,"contemporary country,country,country road,modern country rock",8,2003,M,Solo,,25/08/2017,9512638
99,137,flo rida,7304785,"dance pop,edm,miami hip hop,pop,pop rap",6,2008,M,Solo,,10/03/2017,22283872
100,138,lana del rey,9179252,pop,7,2011,F,Solo,,10/03/2017,25565579
101,139,paramore,4702645,"candy pop,emo,pixie,pop emo,pop punk",7,2005,,Group,,05/05/2017,9212094
102,142,adele,17965158,"british soul,pop,uk pop",3,2008,F,Solo,,10/03/2017,32224508
103,144,rick ross,3490077,"dirty south rap,gangster rap,hip hop,pop rap,rap,southern hip hop,trap music",10,2006,M,Solo,,17/03/2017,5768726
104,145,little big town,1553147,"contemporary country,country,country dawn,country road,modern country rock",8,2002,,Group,,03/03/2017,1204569
105,147,john legend,4709602,"neo mellow,neo soul,pop,r&b,urban contemporary",7,2003,M,Solo,,10/03/2017,24620639
106,148,sia,14117938,"australian dance,australian pop,dance pop,pop",12,2003,F,Solo,,20/07/2018,56244980
107,152,andy grammer,684444,"neo mellow,pop,pop rock,post-teen pop",5,2011,M,Solo,,17/05/2019,1569970
108,153,wale,2213618,"gangster rap,hip hop,pop,pop rap,rap,southern hip hop,trap music,urban contemporary",14,2008,M,Solo,Lil Wayne,10/03/2017,28800449
109,155,britney spears,6578314,"dance pop,pop,pop rap,post-teen pop",9,1999,F,Solo,,28/12/2018,2120808
110,162,onerepublic,8660053,"dance pop,neo mellow,piano rock,pop,pop rock",7,2007,M,Group,,20/07/2018,62838650
111,164,solange,871081,"alternative r&b,electropop,escape room,hip pop,indie soul,neo soul,pop,r&b,urban contemporary",5,2003,F,Solo,,08/03/2019,4283502
112,165,mike posner,911203,"dance pop,pop,pop rap",9,2009,M,Solo,,10/03/2017,17588764
113,172,jeremih,3744923,"chicago rap,dance pop,hip hop,pop,pop rap,r&b,rap,southern hip hop,trap music,urban contemporary",5,2009,M,Solo,,13/01/2017,9163357
114,179,gwen stefani,3369602,"dance pop,europop,hip pop,pop,pop rock,post-teen pop",5,2004,F,Solo,Blake Shelton,28/12/2018,1951073
115,182,fall out boy,7178290,"emo,modern rock,pop punk",12,2003,M,Group,,03/11/2017,12134811
116,219,jeezy,1380700,"atl hip hop,crunk,dirty south rap,gangster rap,hip hop,pop rap,rap,southern hip hop,trap music",29,2005,M,Solo,"J. Cole, Kendrick Lamar",22/12/2017,1633638
117,243,arctic monkeys,8499414,"garage rock,modern rock,permanent wave,rock,sheffield indie",6,2006,M,Group,,18/05/2018,1554780
118,245,cash cash,3514553,"arkansas country,outlaw country,traditional country",91,1957,M,Solo,Conor Maynard,25/08/2017,8530215
119,298,kid cudi,3293763,"hip hop,pop rap,rap",9,2009,M,Solo,,13/01/2017,3225534
120,313,the killers,4891453,"indie rock,modern rock,permanent wave,rock",8,2004,M,Group,,27/10/2017,10850738
121,328,sean paul,2696435,"dance pop,dancehall,pop",10,2000,M,Solo,,06/04/2018,15213975
122,361,tony bennett,460034,"adult standards,easy listening,lounge,vocal jazz",68,1952,M,Solo,,28/12/2018,4243858
123,377,thirty seconds to mars,2418168,"modern rock,pop punk,post-grunge,rock",6,2002,M,Group,,01/09/2017,1275694
124,417,soundgarden,2144874,"alternative metal,alternative rock,grunge,hard rock,modern rock,nu metal,post-grunge,rock",11,1989,M,Group,,26/05/2017,1233304
125,503,bruce springsteen,2576304,"heartland rock,mellow gold,permanent wave,rock,singer-songwriter",29,1973,M,Solo,,28/12/2018,4241437
126,662,tom petty,1011430,"album rock,classic rock,folk rock,heartland rock,mellow gold,pop rock,rock,roots rock,singer-songwriter,soft rock",4,1989,M,Solo,,06/10/2017,5889469
127,731,stevie wonder,3808641,"motown,quiet storm,soul",30,1962,M,Solo,,28/12/2018,4094361
128,934,aaron carter,162763,"dance pop,post-teen pop",5,2000,M,Solo,,10/03/2017,15699807
129,980,elton john,3788573,"glam rock,mellow gold,piano rock,rock",39,1969,M,Solo,,07/06/2019,1571507
130,1035,juice wrld,,,,,,,,20/07/2018,1445959305
131,1036,ariana grande,,,,,,,,20/07/2018,1598012598
132,1037,xxxtentacion,,,,,,,,20/07/2018,2872157309
133,1038,tyga,,,,,,,Offset,20/07/2018,313734165
134,1039,cardi b,,,,,,,,20/07/2018,1059689838
135,1040,post malone,,,,,,,,20/07/2018,4149869021
136,1041,lil baby,,,,,,,,20/07/2018,858133518
137,1042,tiësto,,,,,,,,20/07/2018,88890616
138,1043,5 seconds of summer,,,,,,,,20/07/2018,236805582
139,1044,"benny blanco, halsey, khalid, halsey, khalid",,,,,,,,20/07/2018,224611615
140,1045,martin garrix,,,,,,,Khalid,20/07/2018,236481800
141,1046,the carters,,,,,,,,20/07/2018,40773576
142,1047,blocboy jb,,,,,,,Drake,20/07/2018,327018784
143,1048,ella mai,,,,,,,,20/07/2018,137589442
144,1049,selena gomez,,,,,,,,20/07/2018,291878675
145,1050,a$ap rocky,,,,,,,Skepta,20/07/2018,169798613
146,1051,"calvin harris, dua lipa, dua lipa",,,,,,,,20/07/2018,86149059
147,1052,clean bandit,,,,,,,Demi Lovato,20/07/2018,197139114
148,1053,"billie eilish, khalid, khalid",,,,,,,,20/07/2018,134930559
149,1054,loud luxury,,,,,,,,20/07/2018,62662512
150,1055,rich the kid,,,,,,,,20/07/2018,411377326
151,1056,nio garcia,,,,,,,,20/07/2018,110054010
152,1057,offset,,,,,,,,20/07/2018,450946095
153,1058,jonas blue,,,,,,,,20/07/2018,79132636
154,1059,kygo,,,,,,,,20/07/2018,172450054
155,1060,famous dex,,,,,,,,20/07/2018,305650673
156,1061,bazzi,,,,,,,,20/07/2018,427320936
157,1062,"khalid, normani, normani",,,,,,,,20/07/2018,207860601
158,1063,bebe rexha,,,,,,,Florida Georgia Line,20/07/2018,412572559
159,1064,khalid,,,,,,,,20/07/2018,1512913305
160,1065,rae sremmurd,,,,,,,Juicy J,20/07/2018,441486516
161,1066,dan + shay,,,,,,,,20/07/2018,235763390
162,1067,florida georgia line,,,,,,,,20/07/2018,89923973
163,1068,kyle,,,,,,,Kehlani,20/07/2018,346779217
164,1069,zedd,,,,,,,,20/07/2018,254866969
165,1070,lil uzi vert,,,,,,,,20/07/2018,1326349377
166,1071,billie eilish,,,,,,,,20/07/2018,1289537841
167,1072,playboi carti,,,,,,,Lil Uzi Vert,20/07/2018,331664245
168,1073,nf,,,,,,,,20/07/2018,210714239
169,1074,lil skies,,,,,,,,20/07/2018,537941424
170,1075,nav,,,,,,,Travis Scott,20/07/2018,306168472
171,1076,lil pump,,,,,,,,20/07/2018,337914912
172,1077,"jay rock, kendrick lamar, future, james blake, kendrick lamar, future, james blake",,,,,,,,20/07/2018,143963758
173,1078,future,,,,,,,,20/07/2018,861271592
174,1079,louis the child,,,,,,,Wafia,20/07/2018,16327661
175,1080,the weeknd,,,,,,,,20/07/2018,794789683
176,1081,lil dicky,,,,,,,Chris Brown,20/07/2018,118438503
177,1082,dennis lloyd,,,,,,,,20/07/2018,62595914
178,1083,becky g,,,,,,,,20/07/2018,21848506
179,1084,marshmello,,,,,,,,20/07/2018,646053521
180,1085,"kendrick lamar, sza, sza",,,,,,,,20/07/2018,202797307
181,1086,6ix9ine,,,,,,,,20/07/2018,603490610
182,1087,kodak black,,,,,,,XXXTENTACION,20/07/2018,1012363460
183,1088,travis scott,,,,,,,"Lil Uzi Vert, Kanye West",20/07/2018,1615697429
184,1089,kane brown,,,,,,,,20/07/2018,193204229
185,1090,imagine dragons,,,,,,,,20/07/2018,700238490
186,1091,camila cabello,,,,,,,Young Thug,20/07/2018,489182969
187,1092,lauv,,,,,,,,20/07/2018,375683207
188,1093,21 savage,,,,,,,,20/07/2018,914888503
189,1094,lil yachty,,,,,,,,20/07/2018,111489588
190,1095,anne-marie,,,,,,,,20/07/2018,33807833
191,1096,a$ap ferg,,,,,,,,20/07/2018,188813768
192,1097,lil xan,,,,,,,,20/07/2018,142322935
193,1098,ybn nahmir,,,,,,,,20/07/2018,176169836
194,1099,kids see ghosts,,,,,,,,20/07/2018,73711960
195,1100,g-eazy,,,,,,,,20/07/2018,302230978
196,1101,youngboy never broke again,,,,,,,,20/07/2018,95212961
197,1102,logic,,,,,,,,20/07/2018,819719208
198,1103,"years, years",,,,,,,,20/07/2018,3298993
199,1104,shawn mendes,,,,,,,,20/07/2018,411990172
200,1105,j balvin,,,,,,,,20/07/2018,159275789
201,1106,toto,,,,,,,,20/07/2018,41639229
202,1107,dua lipa,,,,,,,,20/07/2018,289329972
203,1108,"cheat codes, little mix, little mix",,,,,,,,20/07/2018,3124823
204,1109,"julia michaels, trippie redd, trippie redd",,,,,,,,20/07/2018,12795809
205,1110,luke combs,,,,,,,,20/07/2018,311652790
206,1111,madeintyo,,,,,,,A$AP Ferg,20/07/2018,60350897
207,1112,sam hunt,,,,,,,,20/07/2018,237460534
208,1113,the chainsmokers,,,,,,,,20/07/2018,889401540
209,1114,sam smith,,,,,,,,10/11/2017,225613518
210,1115,halsey,,,,,,,,10/11/2017,478717966
211,1116,"hailee steinfeld, alesso, florida georgia line, watt, alesso, florida georgia line, watt",,,,,,,,10/11/2017,141854744
212,1117,charlie puth,,,,,,,,10/11/2017,231070547
213,1118,a boogie wit da hoodie,,,,,,,Kodak Black,10/11/2017,653276660
214,1119,zayn,,,,,,,,10/11/2017,270502060
215,1120,tay-k,,,,,,,,10/11/2017,69486693
216,1121,macklemore,,,,,,,Skylar Grey,10/11/2017,107053820
217,1122,lorde,,,,,,,,10/11/2017,100669030
218,1123,n.e.r.d,,,,,,,,10/11/2017,43738007
219,1124,sza,,,,,,,Travis Scott,10/11/2017,240828483
220,1125,russ,,,,,,,,10/11/2017,230596338
221,1126,cheat codes,,,,,,,"Fetty Wap, CVBZ",10/11/2017,81996202
222,1127,niall horan,,,,,,,,10/11/2017,143294355
223,1128,blackbear,,,,,,,Gucci Mane,10/11/2017,152112104
224,1129,liam payne,,,,,,,,10/11/2017,177990692
225,1130,james arthur,,,,,,,,10/11/2017,223104941
226,1131,kesha,,,,,,,,10/11/2017,94993155
227,1132,avicii,,,,,,,Rita Ora,10/11/2017,133849370
228,1133,thomas rhett,,,,,,,,10/11/2017,209211367
229,1134,daya,,,,,,,,10/11/2017,16653748
230,1135,goldlink,,,,,,,"Brent Faiyaz, Shy Glizzy",10/11/2017,60440438
231,1136,"justin bieber, bloodpop®, bloodpop®",,,,,,,,10/11/2017,46981717
232,1137,"dj snake, lauv, lauv",,,,,,,,10/11/2017,15000745
233,1138,6lack,,,,,,,,10/11/2017,152933036
234,1139,tee grizzley,,,,,,,,10/11/2017,151061499
235,1140,jon pardi,,,,,,,,10/11/2017,60484680
236,1141,aminé,,,,,,,,10/11/2017,191637608
237,1142,cnco,,,,,,,,10/11/2017,16457825
238,1143,dram,,,,,,,Lil Yachty,10/11/2017,133629164
239,1144,metro boomin,,,,,,,,10/11/2017,173093738
240,1145,bryson tiller,,,,,,,,10/11/2017,229634989
241,1146,brett young,,,,,,,,10/11/2017,67762764
242,1147,"zedd, alessia cara, alessia cara",,,,,,,,10/11/2017,156295891
243,1148,julia michaels,,,,,,,,10/11/2017,200758916
244,1149,yfn lucci,,,,,,,PnB Rock,10/11/2017,52785006
245,1150,noah cyrus,,,,,,,,10/11/2017,35248126
246,1151,trippie redd,,,,,,,,10/11/2017,409358535
247,1152,dustin lynch,,,,,,,,10/11/2017,44028006
248,1153,lanco,,,,,,,,10/11/2017,23612183
249,1154,chance the rapper,,,,,,,"Lil Wayne, 2 Chainz",10/11/2017,213006887
250,1155,hailee steinfeld,,,,,,,,10/11/2017,151787286
251,1156,ty dolla $ign,,,,,,,"Lil Wayne, The-Dream",10/11/2017,33619008
252,1157,"pnb rock, pnb rock, kodak black, a boogie wit da hoodie, pnb rock, kodak black, a boogie wit da hoodie",,,,,,,,10/11/2017,42196472
253,1158,louis tomlinson,,,,,,,"Bebe Rexha, Digital Farm Animals",25/08/2017,45431482
254,1159,skrillex,,,,,,,,25/08/2017,22254654
255,1160,axwell /\ ingrosso,,,,,,,,25/08/2017,39111056
256,1161,"onerepublic, seeb, seeb",,,,,,,,25/08/2017,22502032
257,1162,"kygo, selena gomez, selena gomez",,,,,,,,25/08/2017,131850128
258,1163,maluma,,,,,,,,25/08/2017,57820498
259,1164,rita ora,,,,,,,,25/08/2017,54690978
260,1165,fifth harmony,,,,,,,,25/08/2017,54673585
261,1166,sabrina carpenter,,,,,,,,25/08/2017,30785431
262,1167,"ayo, teo",,,,,,,,25/08/2017,82789520
263,1168,"zedd, liam payne, liam payne",,,,,,,,25/08/2017,16459814
264,1169,lany,,,,,,,,25/08/2017,16630788
265,1170,a$ap mob,,,,,,,,25/08/2017,24379761
266,1171,moon taxi,,,,,,,,25/08/2017,13415249
267,1172,smokepurpp,,,,,,,,25/08/2017,49482395
268,1173,"tyler, the creator",,,,,,,,25/08/2017,206835884
269,1174,lord huron,,,,,,,,25/08/2017,50091680
270,1175,danny ocean,,,,,,,,25/08/2017,9701312
271,1176,old dominion,,,,,,,,25/08/2017,31452030
272,1177,chad focus,,,,,,,,25/08/2017,1172984
273,1178,nebu kiniza,,,,,,,,25/08/2017,34792858
274,1179,rob $tone,,,,,,,,25/08/2017,67982499
275,1180,nexxthursday,,,,,,,"Quavo, Lil Yachty",25/08/2017,4555372
276,1181,harry styles,,,,,,,,25/08/2017,90796249
277,1182,maggie lindemann,,,,,,,,25/08/2017,42622300
278,1183,pnb rock,,,,,,,,25/08/2017,77144077
279,1184,ajr,,,,,,,,25/08/2017,87567898
280,1185,"machine gun kelly, camila cabello, camila cabello",,,,,,,,10/03/2017,75905763
281,1186,jon bellion,,,,,,,,10/03/2017,60264025
282,1187,alessia cara,,,,,,,,10/03/2017,115226073
283,1188,starley,,,,,,,,10/03/2017,65506905
284,1189,marian hill,,,,,,,,10/03/2017,26078503
285,1190,the vamps,,,,,,,,10/03/2017,31959709
286,1191,snakehips,,,,,,,,10/03/2017,27006912
287,1192,martin jensen,,,,,,,,10/03/2017,33919971
288,1193,olivia holt,,,,,,,,10/03/2017,29342654
289,1194,petit biscuit,,,,,,,,10/03/2017,26378870
290,1195,ugly god,,,,,,,,10/03/2017,38584395
291,1196,a r i z o n a,,,,,,,,10/03/2017,16184057
292,1197,dj snake,,,,,,,,10/03/2017,46119942
293,1198,stanaj,,,,,,,,10/03/2017,15138315
294,1199,partynextdoor,,,,,,,Drake,10/03/2017,37519276
295,1200,mike will made-it,,,,,,,"21 Savage, YG, Migos",10/03/2017,34719669
296,1201,"lil uzi vert, lil uzi vert, quavo, travis scott, lil uzi vert, quavo, travis scott",,,,,,,,10/03/2017,2814604
297,1202,jp cooper,,,,,,,,10/03/2017,21810719
298,1203,desiigner,,,,,,,,10/03/2017,62039264
299,1204,max,,,,,,,,10/03/2017,38895550
300,1205,"lil wayne, wiz khalifa, imagine dragons, logic, ty dolla $ign feat. x ambassadors, wiz khalifa, imagine dragons, logic, ty dolla $ign",,,,,,,X Ambassadors,10/03/2017,34205178
301,1206,isaiah,,,,,,,,10/03/2017,14385124
302,1207,robin schulz,,,,,,,,10/03/2017,15949225
303,1208,auli'i cravalho,,,,,,,,10/03/2017,21946103
304,1209,gryffin,,,,,,,Daya,10/03/2017,1267522
305,1210,gnash,,,,,,,olivia o'brien,10/03/2017,18720111
306,1211,sage the gemini,,,,,,,,10/03/2017,21363293
307,1212,young m.a,,,,,,,,10/03/2017,22388710
308,1213,bts,,,,,,,,25/05/2018,147145059
309,1214,"the weeknd, kendrick lamar, kendrick lamar",,,,,,,,25/05/2018,91033392
310,1215,"diplo, french montana, lil pump, feat. zhavia ward, french montana, lil pump,",,,,,,,Zhavia Ward,25/05/2018,10590701
311,1216,notd,,,,,,,Bea Miller,25/05/2018,22387335
312,1217,jordan davis,,,,,,,,25/05/2018,25566609
313,1218,king princess,,,,,,,,25/05/2018,33698156
314,1219,bhad bhabie,,,,,,,Lil Yachty,25/05/2018,3031342
315,1220,chris lane,,,,,,,,25/05/2018,15428946
316,1221,lil nas x,,,,,,,Billy Ray Cyrus,12/04/2019,320551840
317,1222,"khalid, john mayer, john mayer",,,,,,,,12/04/2019,29837461
318,1223,ynw melly,,,,,,,,12/04/2019,255337551
319,1224,"ariana grande, victoria monét, victoria monét",,,,,,,,12/04/2019,18724171
320,1225,"mustard, migos, migos",,,,,,,,12/04/2019,111116954
321,1226,blackpink,,,,,,,,12/04/2019,22840448
322,1227,ski mask the slump god,,,,,,,,12/04/2019,181426121
323,1228,calboy,,,,,,,,12/04/2019,94095909
324,1229,alec benjamin,,,,,,,,12/04/2019,57492712
325,1230,blueface,,,,,,,,12/04/2019,131813076
326,1231,"sam smith, normani, normani",,,,,,,,12/04/2019,102040449
327,1232,sheck wes,,,,,,,,12/04/2019,274605707
328,1233,flipp dinero,,,,,,,,12/04/2019,178815873
329,1234,mabel,,,,,,,,12/04/2019,48457098
330,1235,maren morris,,,,,,,,12/04/2019,25253369
331,1236,ava max,,,,,,,,12/04/2019,103662621
332,1237,dean lewis,,,,,,,,12/04/2019,119647762
333,1238,polo g,,,,,,,Lil Tjay,12/04/2019,72494880
334,1239,city girls,,,,,,,,12/04/2019,56341212
335,1240,bad bunny,,,,,,,Drake,12/04/2019,233557761
336,1241,tory lanez,,,,,,,,12/04/2019,64648230
337,1242,joji,,,,,,,,12/04/2019,125988105
338,1243,lil mosey,,,,,,,,12/04/2019,177811844
339,1244,fletcher,,,,,,,,12/04/2019,14574969
340,1245,"ellie goulding, diplo) (feat. swae lee, diplo) (feat. swae lee",,,,,,,,12/04/2019,86207188
341,1246,kehlani,,,,,,,Ty Dolla $ign,12/04/2019,69519184
342,1247,nle choppa,,,,,,,,12/04/2019,43566912
343,1248,ozuna,,,,,,,,12/04/2019,82826243
344,1249,dababy,,,,,,,,12/04/2019,119441877
345,1250,yk osiris,,,,,,,,12/04/2019,37856098
346,1251,benny blanco,,,,,,,,12/04/2019,23641415
347,1252,"dj snake, selena gomez, ozuna, cardi b, selena gomez, ozuna, cardi b",,,,,,,,12/04/2019,127415284
348,1253,"schoolboy q, travis scott, travis scott",,,,,,,,12/04/2019,7431567
349,1254,h.e.r.,,,,,,,Daniel Caesar,12/04/2019,104156674
350,1255,anuel aa,,,,,,,,12/04/2019,35796230
351,1256,rosalía,,,,,,,,12/04/2019,5002425
352,1257,alan walker,,,,,,,,12/04/2019,15437830
353,1258,"benny blanco, juice wrld feat. brendon urie, juice wrld",,,,,,,Brendon Urie,12/04/2019,50309105
354,1259,roddy ricch,,,,,,,,12/04/2019,27433064
355,1260,"tory lanez, rich the kid feat. lil wayne, rich the kid",,,,,,,Lil Wayne,12/04/2019,25329239
356,1261,morgan wallen,,,,,,,,12/04/2019,35439846
357,1262,pedro capó,,,,,,,,12/04/2019,27040167
358,1263,lil peep,,,,,,,,12/04/2019,158669004
359,1264,gunna,,,,,,,,12/04/2019,48448222
360,1265,"playboi carti, nicki minaj, nicki minaj",,,,,,,,18/05/2018,1730213
361,1266,"schoolboy q, 2 chainz, saudi, 2 chainz, saudi",,,,,,,,18/05/2018,41594283
362,1267,mason ramsey,,,,,,,,18/05/2018,9704820
363,1268,russell dickerson,,,,,,,,18/05/2018,32602684
364,1269,zac efron,,,,,,,,18/05/2018,45361039
365,1270,keala settle,,,,,,,,18/05/2018,41219169
366,1271,michael bublé,,,,,,,,14/12/2018,64878368
367,1272,band aid,,,,,,,,14/12/2018,31585488
368,1273,"frank sinatra, the b. swanson quartet, the b. swanson quartet",,,,,,,,14/12/2018,35433212
369,1274,"metro boomin, 21 savage, 21 savage",,,,,,,,14/12/2018,108203766
370,1275,"perry como, mitchell ayres, his orchestra, mitchell ayres, his orchestra",,,,,,,,14/12/2018,21954734
371,1276,josé feliciano,,,,,,,,14/12/2018,24651992
372,1277,john lennon,,,,,,,,14/12/2018,23181288
373,1278,brett eldredge,,,,,,,Meghan Trainor,14/12/2018,14603253
374,1279,dean martin,,,,,,,,14/12/2018,33162811
375,1280,"eartha kitt, henri rené, his orchestra, henri rené, his orchestra",,,,,,,,14/12/2018,20673071
376,1281,quavo,,,,,,,,14/12/2018,104360697
377,1282,zara larsson,,,,,,,,14/12/2018,67447382
378,1283,mykola dmytrovych leontovych,,,,,,,,14/12/2018,22420217
379,1284,comethazine,,,,,,,,14/12/2018,34032295
380,1285,"daryl hall, john oates",,,,,,,,14/12/2018,6498808
381,1286,judy garland,,,,,,,,14/12/2018,15044847
382,1287,the 1975,,,,,,,,14/12/2018,6697394
383,1288,the beach boys,,,,,,,,28/12/2018,11162088
384,1289,carpenters,,,,,,,,28/12/2018,7153082
385,1290,the jackson 5,,,,,,,,28/12/2018,5538004
386,1291,thurl ravenscroft,,,,,,,,28/12/2018,4168350
387,1292,pentatonix,,,,,,,,28/12/2018,24173220
388,1293,*nsync,,,,,,,,28/12/2018,5690510
389,1294,vince guaraldi trio,,,,,,,,28/12/2018,16726208
390,1295,"nicki minaj, anuel aa, feat. bantu, anuel aa,",,,,,,,Bantu,28/12/2018,12282705
391,1296,the pogues,,,,,,,Kirsty MacColl,28/12/2018,3371159
392,1297,meghan trainor,,,,,,,,28/12/2018,1882042
393,1298,peter manos,,,,,,,,28/12/2018,6721021
394,1299,chris rea,,,,,,,,28/12/2018,3204671
395,1300,cashmere cat,,,,,,,Ariana Grande,09/06/2017,27274339
396,1301,"g-eazy, g-eazy, kehlani, g-eazy, kehlani",,,,,,,,09/06/2017,25121653
397,1302,mø,,,,,,,,09/06/2017,14994914
398,1303,kiiara,,,,,,,Felix Snow,09/06/2017,19132996
399,1304,shawn hook,,,,,,,,09/06/2017,11143083
400,1305,machine gun kelly,,,,,,,"Quavo, Ty Dolla $ign",09/06/2017,41886666
401,1306,joey bada$$,,,,,,,,09/06/2017,21117049
402,1307,"silk city, dua lipa, dua lipa",,,,,,,,05/10/2018,23983842
403,1308,bryce vine,,,,,,,,05/10/2018,47953421
404,1309,"calvin harris, sam smith, sam smith",,,,,,,,05/10/2018,39467987
405,1310,social house,,,,,,,Lil Yachty,05/10/2018,18770328
406,1311,alesso,,,,,,,,05/10/2018,12910222
407,1312,lauren daigle,,,,,,,,05/10/2018,11729923
408,1313,dynoro,,,,,,,,05/10/2018,24300110
409,1314,why don't we,,,,,,,,05/10/2018,23816761
410,1315,lizzo,,,,,,,,14/06/2019,111306660
411,1316,"ed sheeran, justin bieber, justin bieber",,,,,,,,14/06/2019,67918578
412,1317,lil tecca,,,,,,,,14/06/2019,32216458
413,1318,"the chainsmokers, bebe rexha, bebe rexha",,,,,,,,14/06/2019,20813941
414,1319,lewis capaldi,,,,,,,,14/06/2019,29288277
415,1320,joyner lucas,,,,,,,,14/06/2019,33416721
416,1321,lunay,,,,,,,,14/06/2019,20795473
417,1322,sech,,,,,,,,14/06/2019,15642914
418,1323,"machine gun kelly, yungblud, travis barker, yungblud, travis barker",,,,,,,,14/06/2019,7861127
419,1324,dominic fike,,,,,,,,14/06/2019,28129752
420,1325,"tory lanez, quavo, tyga, quavo, tyga",,,,,,,,14/06/2019,5669133
421,1326,y2k,,,,,,,,28/06/2019,10917190
422,1327,ali gatie,,,,,,,,28/06/2019,12461962
423,1328,blanco brown,,,,,,,,28/06/2019,7830259
424,1329,dreamville,,,,,,,"JID, Bas, J. Cole, EARTHGANG, Young Nudy",28/06/2019,8142384
425,1330,ashley o,,,,,,,,28/06/2019,7967881
426,1331,88-keys,,,,,,,"Mac Miller, Sia",28/06/2019,2305016
427,1332,"dj snake, j. balvin, tyga, j. balvin, tyga",,,,,,,,28/06/2019,6261768
428,1333,sam feldt,,,,,,,RANI,28/06/2019,4955127
429,1334,r3hab,,,,,,,,28/06/2019,8989617
430,1335,jhay cortez,,,,,,,,28/06/2019,4823712
431,1336,chase rice,,,,,,,,28/06/2019,12113822
432,1337,shordie shordie,,,,,,,,28/06/2019,2975972
433,1338,journey,,,,,,,,28/06/2019,3003642
434,1339,loote,,,,,,,,23/06/2017,6240183
435,1340,"summer walker, drake, drake",,,,,,,,05/04/2019,12001122
436,1341,anderson .paak,,,,,,,Kendrick Lamar,12/10/2018,7388461
437,1342,"calvin harris, rag'n'bone man, rag'n'bone man",,,,,,,,18/01/2019,16303875
438,1343,shaed,,,,,,,,18/01/2019,11964174
439,1344,"halsey, juice wrld, juice wrld",,,,,,,,18/01/2019,4018267
440,1345,shoreline mafia,,,,,,,"Ohgeesy, Fenix Flexin, Master Kato",18/01/2019,3155126
441,1346,san holo,,,,,,,,13/01/2017,15447947
442,1347,dj esco,,,,,,,,13/01/2017,11779686
443,1348,dvbbs,,,,,,,,13/01/2017,14226570
444,1349,luke christopher,,,,,,,,13/01/2017,12519148
445,1350,"hearts, colors",,,,,,,,13/01/2017,13758849
446,1351,zay hilfigerrr,,,,,,,,13/01/2017,9907305
447,1352,vice,,,,,,,"Jasmine Thompson, Skizzy Mars",13/01/2017,24728612
448,1353,nevada,,,,,,,,13/01/2017,4665492
449,1354,flume,,,,,,,,13/01/2017,15543940
450,1355,alok,,,,,,,,13/01/2017,10451498
451,1356,frenship,,,,,,,,13/01/2017,7833734
452,1357,vérité,,,,,,,,13/01/2017,8679392
453,1358,lukas graham,,,,,,,,13/01/2017,9186494
454,1359,marc e. bassy,,,,,,,,13/01/2017,6588649
455,1360,mic lowry,,,,,,,,13/01/2017,4569866
456,1361,nause,,,,,,,Pretty Sister,13/01/2017,3158099
457,1362,the lumineers,,,,,,,,13/01/2017,6733235
458,1363,kream,,,,,,,Clara Mae,13/01/2017,6746326
459,1364,james bay,,,,,,,,13/01/2017,6301381
460,1365,x ambassadors,,,,,,,,13/01/2017,4031182
461,1366,james hersey,,,,,,,,13/01/2017,1971924
462,1367,stan kenton,,,,,,,,07/12/2018,4963404
463,1368,little mix,,,,,,,Nicki Minaj,07/12/2018,36478663
464,1369,"benny blanco, jesse, swae lee, jesse, swae lee",,,,,,,,07/12/2018,1808602
465,1370,"james arthur, james arthur, anne-marie, james arthur, anne-marie",,,,,,,,07/12/2018,1773123
466,1371,madison beer,,,,,,,Offset,07/12/2018,15680282
467,1372,"khalid, swae lee, swae lee",,,,,,,,16/02/2018,28715570
468,1373,sob x rbe,,,,,,,,16/02/2018,34816426
469,1374,"kendrick lamar, travis scott, travis scott",,,,,,,,16/02/2018,22437187
470,1375,"g-eazy, halsey, halsey",,,,,,,,16/02/2018,75760238
471,1376,"vince staples, yugen blakrok, yugen blakrok",,,,,,,,16/02/2018,10360962
472,1377,jorja smith,,,,,,,,16/02/2018,9158626
473,1378,rudimental,,,,,,,"Jess Glynne, Macklemore, Dan Caplen",16/02/2018,41689452
474,1379,"ab-soul, anderson .paak, james blake, anderson .paak, james blake",,,,,,,,16/02/2018,6865491
475,1380,"zacari, babes wodumo, babes wodumo",,,,,,,,16/02/2018,6219780
476,1381,"mozzy, sjava, reason, sjava, reason",,,,,,,,16/02/2018,3959003
477,1382,zacari,,,,,,,,16/02/2018,3822983
478,1383,"cashmere cat, major lazer, tory lanez, major lazer, tory lanez",,,,,,,,16/02/2018,17155701
479,1384,quality control,,,,,,,,16/02/2018,27906507
480,1385,hugh jackman,,,,,,,,16/02/2018,46833244
481,1386,ziv zaifman,,,,,,,,16/02/2018,14847632
482,1387,troye sivan,,,,,,,,16/02/2018,20276507
483,1388,loren allred,,,,,,,,16/02/2018,14925648
484,1389,jaden,,,,,,,,16/02/2018,18806846
485,1390,huncho jack,,,,,,,,16/02/2018,84466629
486,1391,devin dawson,,,,,,,,16/02/2018,17248760
487,1392,daniel caesar,,,,,,,Kali Uchis,16/02/2018,19235274
488,1393,walker hayes,,,,,,,,16/02/2018,5376188
489,1394,carnage,,,,,,,,02/02/2018,4086828
490,1395,matt terry,,,,,,,,02/02/2018,5817847
491,1396,maty noyes,,,,,,,,30/12/2016,1159616
492,1397,hozier,,,,,,,,08/03/2019,14706731
493,1398,"yungblud, halsey feat. travis barker, halsey",,,,,,,Travis Barker,08/03/2019,13126966
494,1399,grey,,,,,,,,03/03/2017,5548153
495,1400,thomas gold,,,,,,,,03/03/2017,6224877
496,1401,jay z,,,,,,,,03/03/2017,7945180
497,1402,frank ocean,,,,,,,,17/03/2017,19096199
498,1403,mustard,,,,,,,,17/03/2017,10300533
499,1404,dnce,,,,,,,,06/01/2017,1198196
500,1405,state of sound,,,,,,,,06/01/2017,1029544
501,1406,22 savage,,,,,,,,17/11/2017,4982496
502,1407,"ty dolla $ign, ty dolla $ign, future feat. kiiara, ty dolla $ign, future",,,,,,,Kiiara,17/11/2017,2764938
503,1408,big shaq,,,,,,,,17/11/2017,12805280
504,1409,"ray parker, jr.",,,,,,,,03/11/2017,3875332
505,1410,"maroon 5, julia michaels, julia michaels",,,,,,,,03/11/2017,6949517
506,1411,"bobby ""boris"" pickett",,,,,,,,03/11/2017,2751437
507,1412,"drake, michael jackson, michael jackson",,,,,,,,27/07/2018,31839386
508,1413,88rising,,,,,,,,27/07/2018,3290170
509,1414,sofia reyes,,,,,,,"Rita Ora, Anitta",22/03/2019,9055662
510,1415,"rich the kid, tory lanez, tory lanez",,,,,,,,22/03/2019,3707042
511,1416,"juice wrld, rvssian feat. clever, rvssian",,,,,,,Clever,22/03/2019,4998673
512,1417,jax jones,,,,,,,,21/04/2017,13955879
513,1418,"young thug, young thug, 2 chainz, wiz khalifa feat. pnb rock, young thug, 2 chainz, wiz khalifa",,,,,,,PnB Rock,21/04/2017,1227128
514,1419,vince staples,,,,,,,,30/06/2017,2805570
515,1420,kina,,,,,,,Snøw,07/06/2019,10051525
516,1421,denzel curry,,,,,,,,07/06/2019,3174803
517,1422,kris kross amsterdam,,,,,,,Conor Maynard,21/09/2018,12028000
518,1423,lovelytheband,,,,,,,,21/09/2018,7647918
519,1424,"gryffin, elley duhé, elley duhé",,,,,,,,21/09/2018,12929517
520,1425,paul rosenberg,,,,,,,,21/09/2018,9848470
521,1426,"eminem, jessie reyez, jessie reyez",,,,,,,,21/09/2018,8918694
522,1427,chris stapleton,,,,,,,,12/05/2017,2736146
523,1428,haim,,,,,,,,12/05/2017,1344245
524,1429,"smokepurpp, murda beatz, murda beatz",,,,,,,,06/04/2018,9114492
525,1430,"machine gun kelly, machine gun kelly, x ambassadors, bebe rexha, machine gun kelly, x ambassadors, bebe rexha",,,,,,,,22/12/2017,20189416
526,1431,belly,,,,,,,,13/04/2018,3114901
527,1432,"marshmello, tyga, chris brown, tyga, chris brown",,,,,,,,24/05/2019,9003617
528,1433,"illenium, jon bellion, jon bellion",,,,,,,,24/05/2019,1702587
529,1434,slipknot,,,,,,,,24/05/2019,1609098
530,1435,jhene aiko,,,,,,,,24/05/2019,3969502
531,1436,dj luian,,,,,,,,24/05/2019,6091926
532,1437,"lana del rey, the weeknd, the weeknd",,,,,,,,05/05/2017,6467938
533,1438,nick jonas,,,,,,,,24/02/2017,2638663
534,1439,takeoff,,,,,,,,30/11/2018,23539058
535,1440,"benny blanco, calvin harris, calvin harris",,,,,,,,30/11/2018,8275830
536,1441,"jid, j. cole, j. cole",,,,,,,,30/11/2018,1598599
537,1442,chris jeday,,,,,,,,14/07/2017,4581956
538,1443,dylan scott,,,,,,,,14/07/2017,3601806
539,1444,jess glynne,,,,,,,,15/06/2018,5043376
540,1445,anita kerr singers,,,,,,,,08/12/2017,9806714
541,1446,anitta,,,,,,,,08/12/2017,3194972
542,1447,swae lee,,,,,,,Rae Sremmurd,09/03/2018,1596479
543,1448,glades,,,,,,,,09/03/2018,2817691
544,1449,natti natasha,,,,,,,,09/03/2018,10724060
545,1450,"metro boomin, travis scott, travis scott",,,,,,,,09/11/2018,10587592
546,1451,charli xcx,,,,,,,,09/11/2018,4818138
547,1452,k/da,,,,,,,,09/11/2018,3586702
548,1453,moneybagg yo,,,,,,,J. Cole,09/11/2018,1481687
549,1454,chucho flash,,,,,,,,29/09/2017,4492514
550,1455,"earth, wind, fire",,,,,,,,29/09/2017,5242949
551,1456,odesza,,,,,,,Sasha Sloan,15/09/2017,1250287
552,1457,london on da track,,,,,,,,01/09/2017,1461393
553,1458,kris wu,,,,,,,Travis Scott,20/10/2017,1535534
554,1459,lean trap,,,,,,,,19/01/2018,3158507
555,1460,michelle williams,,,,,,,,19/01/2018,4278126
556,1461,vampire weekend,,,,,,,,01/02/2019,1703918
557,1462,jeremy zucker,,,,,,,,01/02/2019,5012581
558,1463,galantis,,,,,,,OneRepublic,15/02/2019,3557269
559,1464,"nicki minaj, labrinth, feat. eminem, labrinth &",,,,,,,Eminem,17/08/2018,2424879
560,1465,dj durel,,,,,,,,03/08/2018,1816891
561,1466,ybn cordae,,,,,,,,03/08/2018,1494564
562,1467,"mike will made-it, pharrell, kendrick lamar, pharrell, kendrick lamar",,,,,,,,23/11/2018,1569664
563,1468,pardison fontaine,,,,,,,Cardi B,23/11/2018,3017351
564,1469,hrvy,,,,,,,,23/03/2018,2943674
565,1470,"dj snake, sheck wes, feat. offset, 21 savage, gucci mane, sheck wes,",,,,,,,"Offset, 21 Savage, Gucci Mane",10/05/2019,4502677
566,1471,luh kel,,,,,,,,10/05/2019,1498845
567,1472,meduza,,,,,,,,10/05/2019,1455826
568,1473,g herbo,,,,,,,,27/04/2018,1656573
569,1474,nas,,,,,,,,22/06/2018,9835133
570,1475,tom petty and the heartbreakers,,,,,,,,06/10/2017,2827338
571,1476,gashi,,,,,,,,26/05/2017,2864189
572,1477,"bas, j. cole, j. cole",,,,,,,,31/08/2018,2331390
573,1478,"migos, migos, marshmello, migos, marshmello",,,,,,,,15/12/2017,4140142
574,1479,nat king cole trio,,,,,,,,29/12/2017,1449806
575,1480,kay starr,,,,,,,,29/12/2017,1439937
576,1481,rich brian,,,,,,,,19/05/2017,4365457
577,1482,"trouble, drake, mike will made-it, drake, mike will made-it",,,,,,,,05/01/2018,2947764
578,1483,kacey musgraves,,,,,,,,22/02/2019,1779563
579,1484,beyoncé,,,,,,,,03/05/2019,18259283
580,1485,roy woods,,,,,,,MadeinTYO,17/02/2017,1122012
581,1486,"normani, calvin harris) (feat. wizkid, calvin harris) (feat. wizkid",,,,,,,,02/11/2018,1975825
582,1487,"tory lanez, rich the kid, rich the kid",,,,,,,,02/11/2018,1728580
583,1488,ac/dc,,,,,,,,02/11/2018,1633236
584,1489,"ellie goulding, juice wrld, juice wrld",,,,,,,,05/07/2019,2718705
585,1490,"mustard, yg, tyga feat. a$ap ferg, a$ap rocky, yg, tyga",,,,,,,"A$AP Ferg, A$AP Rocky",05/07/2019,1614136
586,1491,megan thee stallion,,,,,,,DaBaby,05/07/2019,1568818
587,1492,janelle monáe,,,,,,,,02/03/2018,1716496
588,1493,dj a1,,,,,,,,16/03/2018,3596266
589,1494,cole swindell,,,,,,,Dierks Bentley,04/08/2017,2172625
590,1495,the xx,,,,,,,,20/01/2017,2220061
591,1496,wizkid,,,,,,,,07/04/2017,1242932
592,1497,tame impala,,,,,,,,19/04/2019,4011775
593,1498,mitchell tenpenny,,,,,,,,11/01/2019,1462815
594,1499,brockhampton,,,,,,,,28/09/2018,5226192
